ID,Salary,Contract,
acciano01,0,---,
addisca01,0,---,
allanno01,0,---,
allenja01,0,---,
amadimi01,0,---,
anderjo05,0,---,
andermi02,0,---,
andraem01,0,---,
annunju01,0,---,
applema01,0,---,
armiajo01,0,---,
arvidvi01,0,---,
astonza01,0,---,
aubekni01,0,---,
audymjo01,0,---,
backlmi01,0,---,
barroju01,0,---,
barromo01,0,---,
bastina01,0,---,
beanja01,0,---,
beechjo01,0,---,
behrese01,0,---,
bennesa01,0,---,
bennimi01,0,---,
bennja01,0,---,
berggjo02,0,---,
binnijo01,0,---,
bjugsni01,0,---,
blackco01,0,---,
blackma01,0,---,
blaissa01,0,---,
bobrose01,0,---,
boesebr01,0,---,
bogosza01,0,---,
boldyma01,0,---,
bourqma01,0,---,
brattje01,0,---,
brinkbo01,0,---,
broditj01,0,---,
brodzjo01,0,---,
brossla01,0,---,
broztr01,0,---,
brysoja01,0,---,
buchedm01,0,---,
buiumsh01,0,---,
buntimi01,0,---,
burakan01,0,---,
burnsbr01,0,---,
capobky01,0,---,
carrial01,0,---,
carrisa01,0,---,
carriwi01,0,---,
cecico01,0,---,
chiarbe01,0,---,
chibrni01,0,---,
chishde01,0,---,
chromma01,0,---,
chychja01,0,---,
chytifi01,0,---,
cizikca01,0,---,
cliftco01,0,---,
colansa01,0,---,
colembl01,0,---,
coltoro01,0,---,
comrier01,0,---,
copleph01,0,---,
coppan01,0,---,
cormilu01,0,---,
cossase01,0,---,
cottepa01,0,---,
cousini01,0,---,
cozendy01,0,---,
crousla01,0,---,
cuyllwi01,0,---,
daccojo01,0,---,
dachki01,0,---,
dadonev01,0,---,
dahlira01,0,---,
danauph01,0,---,
danfoju01,0,---,
davidja01,0,---,
dawsni01,0,---,
delbelu01,0,---,
dellaty01,0,---,
deshavi01,0,---,
deslani01,0,---,
dewarco01,0,---,
dickija01,0,---,
dillobr01,0,---,
dipiemi01,0,---,
dostalu01,0,---,
douglcu01,0,---,
dowdni01,0,---,
draisle01,0,---,
druryja01,0,---,
drysdja01,0,---,
duboipi01,0,---,
duclaan01,0,---,
duhaibr01,0,---,
dumbama01,0,---,
dumoubr01,0,---,
dunnvi02,0,---,
durzise01,0,---,
dvorach01,0,---,
eberljo01,0,---,
ehlerni01,0,---,
eicheja01,0,---,
ellerla01,0,---,
engluan01,0,---,
engvapi01,0,---,
ernead01,0,---,
evanglu01,0,---,
eyssimi01,0,---,
fabbrro01,0,---,
faksara01,0,---,
fedotiv01,0,---,
ferrama01,0,---,
finleja01,0,---,
fleurca01,0,---,
fleurha01,0,---,
foegewa01,0,---,
foligma01,0,---,
foligni01,0,---,
forbode01,0,---,
forsban01,0,---,
forsbfi01,0,---,
frostmo01,0,---,
gadjojo01,0,---,
gallabr01,0,---,
garlaco01,0,---,
gaudead01,0,---,
gaudrfr01,0,---,
gibsojo02,0,---,
gilbede01,0,---,
giroucl01,0,---,
glassco01,0,---,
glendlu01,0,---,
goligal01,0,---,
goodrba01,0,---,
gostish01,0,---,
granshe01,0,---,
grebeni01,0,---,
greenjo02,0,---,
greeraj01,0,---,
gregono01,0,---,
gritsar01,0,---,
grundca01,0,---,
grzelma01,0,---,
gudasra01,0,---,
guentja01,0,---,
guhleka01,0,---,
hallafi01,0,---,
hallta02,0,---,
hamontr01,0,---,
harkija01,0,---,
harleth01,0,---,
harrijo01,0,---,
hartmry01,0,---,
hathaga01,0,---,
hayeske01,0,---,
haytoba01,0,---,
heineda01,0,---,
heineem01,0,---,
henriad01,0,---,
hinosvi01,0,---,
hischni01,0,---,
hollju01,0,---,
hollody01,0,---,
holmbpo01,0,---,
holtzal01,0,---,
huberjo01,0,---,
huntda01,0,---,
hussovi01,0,---,
huttobe01,0,---,
ioriovi01,0,---,
jankoma01,0,---,
janmama02,0,---,
jarnkca01,0,---,
jeannta01,0,---,
jennebo01,0,---,
jenseni02,0,---,
johanma03,0,---,
johnske01,0,---,
johnsro02,0,---,
johnsry03,0,---,
jonesma03,0,---,
josepma01,0,---,
joseppi01,0,---,
joshuda01,0,---,
jostty01,0,---,
juulsno01,0,---,
kadrina01,0,---,
kaliyar01,0,---,
kampfda01,0,---,
kaneev01,0,---,
kanepa01,0,---,
karlsli01,0,---,
karlswi01,0,---,
kartyty01,0,---,
kastema01,0,---,
kellypa01,0,---,
kempead01,0,---,
kerfoal01,0,---,
killoal01,0,---,
kivirjo01,0,---,
klingjo01,0,---,
koivuaa01,0,---,
kolosal01,0,---,
kolyavl01,0,---,
konyubo01,0,---,
kopitan01,0,---,
korczka01,0,---,
kotkaje01,0,---,
kravtvi01,0,---,
krebspe01,0,---,
kreidch01,0,---,
kulikdm01,0,---,
kuninlu01,0,---,
kuralse01,0,---,
kurasph01,0,---,
kuzneya01,0,---,
kyroujo01,0,---,
lacomja01,0,---,
laffesa01,0,---,
lamboca01,0,---,
lamouma01,0,---,
lankike01,0,---,
lapiehe01,0,---,
larkidy01,0,---,
larssad01,0,---,
laughsc01,0,---,
lazarcu01,0,---,
leinoto02,0,---,
letankr01,0,---,
liljeti01,0,---,
lindees01,0,---,
lindgch01,0,---,
lizotbl01,0,---,
lombery01,0,---,
lowryad01,0,---,
lundkni01,0,---,
lyubuil01,0,---,
maattol01,0,---,
macewza01,0,---,
mackina01,0,---,
mahurjo01,0,---,
makarca01,0,---,
malkiev01,0,---,
manthan01,0,---,
marchbr03,0,---,
marchma01,0,---,
marksja02,0,---,
matinni01,0,---,
mayfisc01,0,---,
mazurca01,0,---,
mcbaija03,0,---,
mccabja01,0,---,
mccarmi01,0,---,
mcdonry01,0,---,
mcilrdy01,0,---,
mckowhu01,0,---,
mcmicco01,0,---,
meierti01,0,---,
merceda01,0,---,
merille01,0,---,
merzlel01,0,---,
mikkoni01,0,---,
milanso01,0,---,
milleco02,0,---,
miromda01,0,---,
mitteca01,0,---,
montesa01,0,---,
mooreia01,0,---,
mrazepe01,0,---,
mukhash01,0,---,
murrama02,0,---,
myersph01,0,---,
myersty01,0,---,
namesvl01,0,---,
nedelal01,0,---,
neighja01,0,---,
nelsobr01,0,---,
newhoal01,0,---,
nichuva01,0,---,
noesest01,0,---,
nosekto01,0,---,
novakth01,0,---,
nylanal01,0,---,
nyquigu01,0,---,
obrieli01,0,---,
oconnlo01,0,---,
oettija01,0,---,
oleksja01,0,---,
olivima01,0,---,
olofsvi01,0,---,
orlovdm01,0,---,
ovechal01,0,---,
P-mcallry01,0,---,
paulni01,0,---,
pearsta01,0,---,
peekean01,0,---,
pelecad01,0,---,
perfeco01,0,---,
perroda01,0,---,
perryco01,0,---,
pescebr01,0,---,
petroal01,0,---,
petryje01,0,---,
pickaca01,0,---,
pitlity01,0,---,
poehlry01,0,---,
portier01,0,---,
poulisa01,0,---,
protaal01,0,---,
pulocry01,0,---,
quickjo01,0,---,
raddyta01,0,---,
ratyaa01,0,---,
reavery01,0,---,
regenpa01,0,---,
regulal01,0,---,
reichlu01,0,---,
reillmi01,0,---,
riellmo01,0,---,
rittida01,0,---,
roberma02,0,---,
roberni01,0,---,
robersi01,0,---,
robiner01,0,---,
rooneke01,0,---,
rosenis01,0,---,
rosloja01,0,---,
rossima01,0,---,
royjo01,0,---,
saadbr01,0,---,
samsoil01,0,---,
sandeja01,0,---,
sandira01,0,---,
sanhetr01,0,---,
sarosju01,0,---,
schaere01,0,---,
scheima01,0,---,
schenlu01,0,---,
schmani01,0,---,
schwico01,0,---,
sebrado01,0,---,
sergami01,0,---,
severda01,0,---,
shearco01,0,---,
shepahu01,0,---,
siegejo01,0,---,
sissoco01,0,---,
skinnje01,0,---,
smithbr05,0,---,
smithre01,0,---,
soderel01,0,---,
sodervi01,0,---,
sogaama01,0,---,
soucyca01,0,---,
sourdju01,0,---,
staaljo01,0,---,
stamkst01,0,---,
stastsp01,0,---,
stechtr01,0,---,
steelsa01,0,---,
steeval02,0,---,
stenlke01,0,---,
stillch01,0,---,
strubja01,0,---,
sturmni01,0,---,
sundqos01,0,---,
suterry01,0,---,
tanevbr01,0,---,
tanevch01,0,---,
tarasvl01,0,---,
tavarjo01,0,---,
teravte01,0,---,
terrytr01,0,---,
texieal01,0,---,
thomaro01,0,---,
thompja01,0,---,
thompta01,0,---,
thrunhe01,0,---,
timmico01,0,---,
toewsjo01,0,---,
tomasph01,0,---,
treniya01,0,---,
troubja01,0,---,
tuchal01,0,---,
tuomasa01,0,---,
turcoal02,0,---,
vaakaur01,0,---,
vanecvi01,0,---,
vanrija01,0,---,
vanritr01,0,---,
varlasi01,0,---,
vatrafr01,0,---,
velenjo01,0,---,
vorondi01,0,---,
walmaja01,0,---,
wedgesc01,0,---,
weegama01,0,---,
werenza01,0,---,
whiteza01,0,---,
wiesboz01,0,---,
wintery01,0,---,
wolljo01,0,---,
woodmi01,0,---,
wothepa01,0,---,
yamamka01,0,---,
zachapa01,0,---,
zettefa01,0,---,
zuccama01,0,---,
fleurma01,0,---,
girgeze01,0,---,
royni01,0,---,
leonajo01,0,---,
bluegte01,0,---,
pelleja01,0,---,
stivajo01,0,---,
maccema01,0,---,
ingraco01,0,---,
groshma01,0,---,
meyerbe01,0,---,
reimeja01,0,---,
vilmasa01,0,---,
jonesbe01,0,---,
brownco02,0,---,
martisp01,0,---,
gravery01,0,---,
kemeljo01,0,---,
bayrega01,0,---,
groulbe01,0,---,
ufkory01,0,---,
fialake01,0,---,
moverja01,0,---,
bearet01,0,---,
paterji01,0,---,
pezzemi01,0,---,
bouchev01,43,C-27,
bussibr01,18,C-27,
dachco01,21,C-27,
ellisco01,16,C-27,
gustafi01,52,C-27,
jarrytr01,37,C-27,
kochepy01,48,C-27,
kuempda01,41,C-27,
rakelri01,25,C-27,
thomplo01,31,C-27,
wolfdu01,43,C-27,
ullmali01,38,C-27,
ahose01,36,C-27,
anderfr01,50,C-27,
barbaiv01,15,C-27,
barzama01,35,C-27,
bernaja01,14,C-27,
bjorkol01,25,C-27,
blankni01,9,C-27,
blomqjo01,12,C-27,
boqviad01,6,C-27,
boqvije01,8,C-27,
borgewi01,14,C-27,
brissbr01,19,C-27,
brodijo01,10,C-27,
buchnpa01,38,C-27,
carlobr01,15,C-27,
carlsjo01,30,C-27,
catesno01,8,C-27,
cernaer01,18,C-27,
chatfja01,11,C-27,
chinaye01,11,C-27,
cirelan01,16,C-27,
coleia01,13,C-27,
commedr01,19,C-27,
comphj.01,6,C-27,
connoky01,47,C-27,
coutuse01,11,C-27,
coylech01,20,C-27,
crosbsi01,35,C-27,
deangan01,9,C-27,
debrial01,35,C-27,
debruja01,25,C-27,
delmaet01,11,C-27,
demeldy01,20,C-27,
demkoth01,50,C-27,
desmica01,25,C-27,
doanjo01,18,C-27,
dobesja01,29,C-27,
domima01,27,C-27,
donatry01,17,C-27,
dorofpa01,30,C-27,
doughdr01,20,C-27,
drouijo01,25,C-27,
duchema01,20,C-27,
edmunjo01,9,C-27,
ekblaaa01,27,C-27,
ekmanol01,16,C-27,
eriksjo02,26,C-27,
evansja02,11,C-27,
evansry01,31,C-27,
faulkju01,15,C-27,
feherma01,25,C-27,
foersty01,19,C-27,
forslgu02,25,C-27,
fredetr01,12,C-27,
gavrivl01,17,C-27,
geekimo01,22,C-27,
gourdya01,8,C-27,
granlmi01,15,C-27,
greavje01,11,C-27,
greigri01,19,C-27,
grubaph01,12,C-27,
gudbrer01,12,C-27,
hagueni01,14,C-27,
hamildo01,10,C-27,
hanifno01,28,C-27,
haulaer01,10,C-27,
helleco01,75,C-27,
helledr01,12,C-27,
hertlto01,28,C-27,
hildede01,16,C-27,
hillad01,45,C-27,
hintzro01,40,C-27,
hoglani01,10,C-27,
holmssi01,10,C-27,
horvabo01,26,C-27,
howdebr01,15,C-27,
hronefi01,26,C-27,
hymanza01,35,C-27,
johanal01,10,C-27,
johanjo03,13,C-27,
jokihhe01,9,C-27,
jonesca01,7,C-27,
jonesse01,20,C-27,
josiro01,45,C-27,
kahkoka01,15,C-27,
kaisewy01,11,C-27,
kakkoka01,14,C-27,
kapanka01,15,C-27,
kapanol01,6,C-27,
karlser01,28,C-27,
khusnma01,15,C-27,
klevety01,13,C-27,
knighsp01,35,C-27,
koleske01,15,C-27,
konectr01,25,C-27,
korpijo01,17,C-27,
kovacjo01,10,C-27,
kovalni01,7,C-27,
kucheni01,45,C-27,
kulakbr01,15,C-27,
kuzmean01,16,C-27,
lainepa01,35,C-27,
landega01,28,C-27,
leddyni01,15,C-27,
leean01,15,C-27,
lehkoar01,25,C-27,
levide01,16,C-27,
lindgry01,17,C-27,
lindhel01,30,C-27,
lindhha01,20,C-27,
lohrema01,23,C-27,
lorenst01,9,C-27,
lundeis01,6,C-27,
luostee01,17,C-27,
lyselfa01,6,C-27,
malenbe01,12,C-27,
mangian01,25,C-27,
mansojo01,15,C-27,
marinjo01,20,C-27,
martijo01,15,C-27,
mathemi01,28,C-27,
mcavoch01,30,C-27,
mcleory01,16,C-27,
mcmanbo02,11,C-27,
mcnabbr01,19,C-27,
merkuge01,6,C-27,
middlja01,20,C-27,
mikheil01,9,C-27,
millejt01,30,C-27,
milleka01,22,C-27,
montobr01,40,C-27,
moserja01,16,C-27,
niedeni01,20,C-27,
nikisal01,19,C-27,
norrijo01,15,C-27,
nurseda01,25,C-27,
nylanwi01,61,C-27,
oconndr01,16,C-27,
oreilry01,15,C-27,
ostapza01,7,C-27,
othmabr01,14,C-27,
pageaje01,11,C-27,
palaton01,7,C-27,
panarar01,40,C-27,
pastrda01,40,C-27,
peterjo01,19,C-27,
petteel01,38,C-27,
pettema01,18,C-27,
pintosh01,25,C-27,
pionkne01,37,C-27,
podkova01,11,C-27,
primeca01,26,C-27,
quinnja01,19,C-27,
raddyda01,11,C-27,
rasmumi01,6,C-27,
reinhsa01,45,C-27,
ristora01,14,C-27,
rodriev01,15,C-27,
romanal01,24,C-27,
royma04,18,C-27,
rustbr01,18,C-27,
samuema02,6,C-27,
schenbr01,20,C-27,
schmiak01,19,C-27,
schmina01,8,C-27,
schnebr01,25,C-27,
schwaja01,11,C-27,
seeleni01,7,C-27,
seguity01,23,C-27,
sharaye01,14,C-27,
sherwki01,11,C-27,
shestig01,60,C-27,
sillico01,14,C-27,
silovar01,19,C-27,
skinnst01,52,C-27,
skjeibr01,16,C-27,
soderar01,15,C-27,
sorokil01,45,C-27,
spencjo01,18,C-27,
spurgja01,17,C-27,
stanllo01,10,C-27,
stephch02,26,C-27,
stolaan01,35,C-27,
stonema01,25,C-27,
stromdy01,25,C-27,
stromry01,15,C-27,
suterpi01,15,C-27,
svechfe01,9,C-27,
talboca01,17,C-27,
tarasda02,17,C-27,
theodsh01,30,C-27,
tkachbr01,33,C-27,
toewsde01,20,C-27,
toffoty01,18,C-27,
toropal01,11,C-27,
trochvi01,30,C-27,
tuckety01,11,C-27,
valimju01,6,C-27,
vejmeka01,16,C-27,
verhaca01,28,C-27,
vilarga01,20,C-27,
vladada01,20,C-27,
vlasial01,24,C-27,
walkese01,17,C-27,
wallsje01,14,C-27,
wennbal01,12,C-27,
zadorni01,15,C-27,
zamulye01,15,C-27,
zellwol01,14,C-27,
zubar01,24,C-27,
zuckeja01,18,C-27,
anderra01,30,C-28,
askarya01,24,C-28,
bahlke01,23,C-28,
barkoal01,38,C-28,
beauvan01,20,C-28,
benoisi01,20,C-28,
bertuty01,19,C-28,
blakeja02,18,C-28,
bolduza01,19,C-28,
brobeph01,20,C-28,
byrambo01,30,C-28,
caufico01,29,C-28,
chaboth01,25,C-28,
coronma01,19,C-28,
dobsono01,38,C-28,
edvinsi01,19,C-28,
ekholma01,35,C-28,
erssosa01,29,C-28,
fabbrda01,21,C-28,
farabjo01,20,C-28,
fowleca01,20,C-28,
foxad01,40,C-28,
girarsa01,16,C-28,
guentdy01,19,C-28,
hagelbr01,25,C-28,
hartca01,25,C-28,
hedmavi01,38,C-28,
heiskmi01,41,C-28,
hoferjo01,35,C-28,
hughelu01,19,C-28,
hughequ01,38,C-28,
iafalal01,20,C-28,
jarvise01,24,C-28,
kapriki01,47,C-28,
kellecl01,35,C-28,
kniesma01,19,C-28,
koivuvi01,14,C-28,
lafreal01,24,C-28,
lauzoje01,15,C-28,
lheurza01,19,C-28,
lundean01,24,C-28,
luukkuk01,60,C-28,
lyonal01,13,C-28,
mailllo01,19,C-28,
marchki01,45,C-28,
matthau01,67,C-28,
mccanja01,25,C-28,
monahse01,20,C-28,
mooretr01,25,C-28,
morrijo04,35,C-28,
murphco02,25,C-28,
necasma01,28,C-28,
nugenry01,50,C-28,
parayco01,22,C-28,
perbini01,14,C-28,
pointbr01,35,C-28,
powerow01,19,C-28,
provoiv01,21,C-28,
rantami01,50,C-28,
raymolu01,24,C-28,
roberja01,39,C-28,
sambedy01,19,C-28,
samosma01,19,C-28,
suzukni01,38,C-28,
svechan01,38,C-28,
swaymje01,31,C-28,
tolvaee01,15,C-28,
vasilan02,62,C-28,
wilsoto01,40,C-28,
xhekaar01,21,C-28,
yorkca01,24,C-28,
zaryco01,17,C-28,
zegratr01,29,C-28,
zibanmi01,25,C-28,
beniema01,24,C-29,
eklunwi01,24,C-29,
faberbr01,29,C-29,
goncaga01,18,C-29,
johnswy01,24,C-29,
marnemi01,63,C-29,
mcdavco01,58,C-29,
mctavma01,24,C-29,
morrosc02,24,C-29,
seidemo01,34,C-29,
tippeow01,26,C-29,
bathedr01,30,C-30,
byfiequ01,34,C-30,
clarkbr02,24,C-30,
slavija01,50,C-30,
stanklo01,24,C-30,
stuetti02,34,C-30,
tkachma01,45,C-30,
hugheja03,49,C-32,
bainsar01,1,D24,
balinuv01,1,D24,
brazeju01,1,D24,
carcomi01,1,D24,
chaffmi01,1,D24,
edstrad01,1,D24,
emberty01,1,D24,
grafco01,1,D24,
hallist01,1,D24,
hamblja01,1,D24,
jellvos01,1,D24,
kessema01,1,D24,
kessemi01,1,D24,
klapkad01,1,D24,
laferal01,1,D24,
lindbca01,1,D24,
macleky01,1,D24,
malatja01,1,D24,
malinsa01,1,D24,
martiem01,1,D24,
nabokil01,1,D24,
pachabr01,1,D24,
philpno01,1,D24,
pospima01,1,D24,
rempema01,1,D24,
smithco02,1,D24,
stevecl01,1,D24,
tsyplma01,1,D24,
villama01,1,D24,
webbeca01,1,D24,
akeybe01,1,D24U22,
artamni01,1,D24U22,
badindo01,1,D24U22,
bashaan01,1,D24U22,
beaudco01,1,D24U22,
berglja01,1,D24U22,
boisvsa01,1,D24U22,
brandmi01,1,D24U22,
bruniha01,1,D24U22,
brzushu01,1,D24U22,
buiumze01,1,D24U22,
cattobe01,1,D24U22,
celebma01,1,D24U22,
chadwno01,1,D24U22,
chernig01,1,D24U22,
clarada01,1,D24U22,
connetr01,1,D24U22,
danfobe01,1,D24U22,
demidiv01,1,D24U22,
devinja01,1,D24,
dickisa01,1,D24U22,
eiserco01,1,D24U22,
eliasga01,1,D24U22,
elickch01,1,D24U22,
emeryer01,1,D24U22,
eriksfi01,1,D24U22,
eriksli01,1,D24U22,
fortedr01,1,D24U22,
freijal01,1,D24U22,
georgca01,1,D24U22,
gillsp01,1,D24U22,
greenli01,1,D24U22,
gridima01,1,D24U22,
hagemi01,1,D24U22,
helenko01,1,D24U22,
hemmiem01,1,D24U22,
howeta01,1,D24U22,
hutsoco01,1,D24U22,
iginlti01,1,D24U22,
jiricad01,1,D24U22,
kantsro01,1,D24U22,
klebead01,1,D24U22,
letoude01,1,D24U22,
levshar01,1,D24U22,
lindsca01,1,D24U22,
luchaje01,1,D24U22,
marqumi01,1,D24U22,
massema01,1,D24U22,
mewshe01,1,D24U22,
miettju01,1,D24U22,
mugglle01,1,D24U22,
murasse01,1,D24,
mustajo01,1,D24U22,
myniosa01,1,D24U22,
oreilsa01,1,D24U22,
paraste01,1,D24U22,
parekza01,1,D24U22,
pettelu01,1,D24U22,
plantma02,1,D24U22,
pulkkje01,1,D24U22,
ritchry01,1,D24U22,
ruohohe01,1,D24U22,
sahlile01,1,D24U22,
salomel01,1,D24,
sennebe01,1,D24U22,
shurama01,1,D24U22,
silayan01,1,D24U22,
smithta01,1,D24U22,
solbest01,1,D24U22,
stigate01,1,D24U22,
surineg01,1,D24U22,
traffhe01,1,D24U22,
ungerfe01,1,D24U22,
vanacma01,1,D24U22,
yakemca01,1,D24U22,
yegormi01,1,D24U22,
abolsro01,1,D25,
akhtyar01,1,D25,
backos01,1,D25,
bardaza01,1,D25,
berezma01,1,D25,
blumema01,1,D25,
chrisja01,1,D25,
crevilo01,1,D25,
crozima01,1,D25,
delgama01,1,D25,
franket01,1,D25,
gatcoma01,1,D25,
hanlejo01,1,D25,
helensa02,1,D25,
hryckju01,1,D25,
hutsoqu01,1,D25,
hyryar01,1,D25,
ivaniv01,1,D25,
koepkco01,1,D25,
lachash01,1,D25,
lammiju01,1,D25,
mancivi01,1,D25,
marjavi01,1,D25,
nesteni02,1,D25,
P-haymelu01,1,D25,
P-leppaat01,1,D25,
samanjo01,1,D25,
shabama01,1,D25,
sheary01,1,D25,
slaggla01,1,D25,
thompai01,1,D25,
walkena01,1,D25,
wilsbad01,1,D25,
aitchka01,1,D25U22,
amicoca01,1,D25U22,
andrepy01,1,D25U22,
bearca01,1,D25U22,
bedkoda01,1,D25U22,
bellewi01,1,D25U22,
benakad01,1,D25U22,
boumesa01,1,D25U22,
brzushe01,1,D25U22,
bumpal01,1,D25,
carboju01,1,D25U22,
cerrach01,1,D25U22,
ciharvo01,1,D25U22,
cootebr01,1,D25U22,
czataet01,1,D25U22,
desnoca01,1,D25U22,
eklunvi01,1,D25U22,
epperkr01,1,D25U22,
fernsme01,1,D25U22,
fiddlbl01,1,D25U22,
finkai01,1,D25U22,
frolose01,1,D25U22,
frondan01,1,D25U22,
gastrmi01,1,D25U22,
genboed01,1,D25U22,
georgis01,1,D25,
hagenja01,1,D25U22,
hallqth01,1,D25U22,
hensllo01,1,D25U22,
horcowi01,1,D25U22,
ihswoja01,1,D25U22,
ivankja01,1,D25U22,
jonsssa01,1,D25,
kevanbe01,1,D25U22,
kindebe01,1,D25U22,
kirscch01,1,D25U22,
koblati01,1,D25U22,
kokkoni01,1,D25,
kudryki01,1,D25,
lafreto01,1,D25U22,
lakovly01,1,D25U22,
leery01,1,D25U22,
lewanda01,1,D25U22,
marrelu01,1,D25U22,
martibr02,1,D25U22,
martopo01,1,D25U22,
mcquero01,1,D25U22,
medveal01,1,D25U22,
misami01,1,D25U22,
montgbl01,1,D25U22,
moonejo01,1,D25U22,
moorewi01,1,D25U22,
mrtkara01,1,D25U22,
murtaja01,1,D25U22,
nesbija01,1,D25U22,
nestrva01,1,D25U22,
nilsoer01,1,D25U22,
obrieja02,1,D25U22,
paupaha01,1,D25U22,
pickfbr01,1,D25U22,
pottecu01,1,D25U22,
prishni01,1,D25,
prokhda01,1,D25U22,
protail01,1,D25U22,
psenima01,1,D25U22,
ravenjo01,1,D25U22,
reidca01,1,D25U22,
reschco01,1,D25U22,
rombaja01,1,D25U22,
ryabkiv01,1,D25U22,
schaema01,1,D25U22,
schmica01,1,D25U22,
sidorye01,1,D25,
slukyha01,1,D25U22,
smithja04,1,D25U22,
spellaj01,1,D25U22,
spencma02,1,D25U22,
sunieay01,1,D25U22,
vansash01,1,D25U22,
villena01,1,D25U22,
wangsi01,1,D25U22,
westma01,1,D25U22,
wetscca01,1,D25U22,
zavraeg01,1,D25U22,
zellewi01,1,D25U22,
zharoal01,1,D25U22,
zonnobi01,1,D25U22,
augustr01,2,U22,
barkede01,2,U22,
barloco01,2,U22,
beckow01,4,U22*,
bedarco01,2,U22,
bensoza01,2,U22,
bertutr01,2,U22,
bichsli01,4,U22*,
bjarnca01,2,U22,
bonkol01,2,U22,
brindga01,2,U22,
butda01,2,U22,
bystefi01,4,U22*,
cagnolu01,2,U22,
carlsle01,2,U22,
caseyse01,4,U22*,
catafma01,2,U22,
cheslry01,4,U22*,
coolelo01,4,U22*,
cowanea01,2,U22,
cristan01,2,U22,
daniena01,2,U22,
dragilu01,2,U22,
dudaar01,4,U22*,
dvorsda01,2,U22,
edstrda01,2,U22,
engstad01,2,U22*,
fantiad01,2,U22,
firkuja01,4,U22*,
fiskeos01,2,U22,
fowleja01,2,U22,
gajanad01,2,U22*,
gauthcu01,4,U22*,
gauthet01,2,U22,
geekico01,4,U22*,
greenry01,2,U22*,
gulyami01,2,U22,
halttka01,2,U22,
hameele01,2,U22,
heidtri01,2,U22,
honzesa01,2,U22,
howaris01,4,U22*,
hrabami01,2,U22,
hutsola01,4,U22*,
jansslu01,2,U22*,
jiricda01,4,U22*,
kaspema01,4,U22*,
kiiskje01,2,U22,
korchke01,4,U22*,
kulicji01,4,U22*,
kyrouch01,4,U22*,
lambebr01,4,U22*,
lardini01,2,U22,
lekkejo01,4,U22*,
leonary01,2,U22,
lindsth01,2,U22,
lundca01,4,U22*,
luneatr01,4,U22*,
mateyde01,4,U22*,
mcgroru01,4,U22*,
mesarfi01,4,U22*,
michkma01,2,U22,
mintefr01,4,U22*,
mintypa01,4,U22*,
mirosiv01,4,U22*,
molenta01,2,U22,
mooreol01,2,U22,
morinet01,2,U22,
mustyqu01,2,U22,
nadeabr01,2,U22,
nazarfr01,4,U22*,
nemecsi01,4,U22*,
nymanja01,2,U22*,
ohgreli01,4,U22*,
ostluno01,4,U22*,
perrega01,2,U22,
perroja01,2,U22,
petteel02,4,U22*,
pickeow01,4,U22*,
poitrma01,2,U22*,
priceca02,2,U22,
rehkoca01,2,U22,
reinbda01,2,U22,
rinzesa01,4,U22*,
ritchca01,2,U22,
saleed01,2,U22,
sandiax01,2,U22,
savoima01,4,U22*,
sawchgr01,2,U22,
simasdm01,2,U22,
slafkju01,4,U22*,
smithwi01,2,U22,
snuggji01,4,U22*,
stenbot01,2,U22,
stramch01,2,U22,
suzdaal01,2,U22*,
trikogl01,4,U22*,
wahlban01,2,U22,
willato01,2,U22,
woodma01,2,U22,
wrighsh01,4,U22*,
xhekafl01,2,U22*,
yagerbr01,2,U22,
yurovda01,4,U22*,
ziemmko01,2,U22,