ID,Salary,Contract
abolsro01,1,D25
acciano01,4,C-26
addisca01,7,C-26
ahose01,36,C-27
aitchka01,1,D25U22
akeybe01,1,D24U22
akhtyar01,1,D25
allanno01,3,C-26
allenja01,15,C-26
amadimi01,3,C-26
amicoca01,1,D25U22
anderfr01,50,C-27
anderjo05,13,C-26
andermi02,30,C-26
anderra01,30,C-28
andraem01,2,C-26
andrepy01,1,D25U22
annunju01,17,C-26
applema01,8,C-26
armiajo01,8,C-26
artamni01,1,D24U22
arvidvi01,6,C-26
askarya01,24,C-28
astonza01,1,C-26
aubekni01,1,C-26
audymjo01,32,C-26
augustr01,2,U22
backlmi01,12,C-26
backos01,1,D25
badindo01,1,D24U22
bahlke01,23,C-28
bainsar01,1,D24
balinuv01,1,D24
barbaiv01,15,C-27
bardaza01,1,D25
barkede01,2,U22
barkoal01,38,C-28
barloco01,2,U22
barroju01,11,C-26
barromo01,4,C-26
barzama01,35,C-27
bashaan01,1,D24U22
bastina01,1,C-26
bathedr01,30,C-30
beanja01,1,C-26
bearca01,1,D25U22
beaudco01,1,D24U22
beauvan01,20,C-28
beckow01,4,U22
bedarco01,2,U22
bedkoda01,1,D25U22
beechjo01,1,C-26
behrese01,1,C-26
bellewi01,1,D25U22
benakad01,1,D25U22
beniema01,24,C-29
bennesa01,25,C-26
bennimi01,1,C-26
bennja01,12,C-26
benoisi01,20,C-28
bensoza01,2,U22
berezma01,1,D25
berggjo02,17,C-26
berglja01,1,D24U22
bernaja01,14,C-27
bertutr01,2,U22
bertuty01,19,C-28
bichsli01,4,U22
binnijo01,35,C-26
bjarnca01,2,U22
bjorkol01,25,C-27
bjugsni01,6,C-26
blackco01,2,C-26
blackma01,30,C-26
blaissa01,1,C-26
blakeja02,18,C-28
blankni01,9,C-27
blomqjo01,12,C-27
blumema01,1,D25
bobrose01,46,C-26
boesebr01,20,C-26
bogosza01,4,C-26
boisvsa01,1,D24U22
bolduza01,19,C-28
boldyma01,19,C-26
bonkol01,2,U22
boqviad01,6,C-27
boqvije01,8,C-27
borgewi01,14,C-27
bouchev01,28,C-26
boumesa01,1,D25U22
bourqma01,11,C-26
brandmi01,1,D24U22
brattje01,35,C-26
brazeju01,1,D24
brindga01,2,U22
brinkbo01,19,C-26
brissbr01,19,C-27
brobeph01,20,C-28
brodijo01,10,C-27
broditj01,4,C-26
brodzjo01,1,C-26
brossla01,4,C-26
broztr01,1,C-26
bruniha01,1,D24U22
brysoja01,3,C-26
brzushe01,1,D25U22
brzushu01,1,D24U22
buchedm01,1,C-26
buchnpa01,38,C-27
buiumsh01,9,C-26
buiumze01,1,D24U22
bumpal01,1,D25U22
buntimi01,16,C-26
burakan01,12,C-26
burnsbr01,15,C-26
bussibr01,3,C-26
butda01,2,U22
byfiequ01,34,C-30
byrambo01,30,C-28
bystefi01,4,U22
cagnolu01,2,U22
capobky01,1,C-26
carboju01,1,D25U22
carcomi01,1,D24
carlobr01,15,C-27
carlsjo01,30,C-27
carlsle01,2,U22
carrial01,16,C-26
carrisa01,11,C-26
carriwi01,5,C-26
caseyse01,4,U22
catafma01,2,U22
catesno01,8,C-27
cattobe01,1,D24U22
caufico01,29,C-28
cecico01,15,C-26
celebma01,1,D24U22
cernaer01,18,C-27
cerrach01,1,D25U22
chaboth01,25,C-28
chadwno01,1,D24U22
chaffmi01,1,D24
chatfja01,11,C-27
chernig01,1,D24U22
cheslry01,4,U22
chiarbe01,15,C-26
chibrni01,1,C-26
chinaye01,11,C-27
chishde01,5,C-26
chrisja01,1,D25
chromma01,1,C-26
chychja01,25,C-26
chytifi01,17,C-26
ciharvo01,1,D25U22
cirelan01,16,C-27
cizikca01,4,C-26
clarada01,1,D24U22
clarkbr02,24,C-30
cliftco01,35,C-26
colansa01,1,C-26
coleia01,13,C-27
colembl01,16,C-26
coltoro01,16,C-26
commedr01,19,C-27
comphj.01,6,C-27
comrier01,7,C-26
connetr01,1,D24U22
connoky01,47,C-27
coolelo01,4,U22
cootebr01,1,D25U22
copleph01,1,C-26
coppan01,5,C-26
cormilu01,2,C-26
coronma01,19,C-28
cossase01,9,C-26
cottepa01,11,C-26
cousini01,4,C-26
coutuse01,11,C-27
cowanea01,2,U22
coylech01,20,C-27
cozendy01,19,C-26
crevilo01,1,D25
cristan01,2,U22
crosbsi01,35,C-27
crousla01,20,C-26
crozima01,1,D25
cuyllwi01,14,C-26
czataet01,1,D25U22
daccojo01,40,C-26
dachco01,1,C-26
dachki01,19,C-26
dadonev01,20,C-26
dahlira01,28,C-26
danauph01,25,C-26
danfobe01,1,D24U22
danfoju01,7,C-26
daniena01,2,U22
davidja01,1,C-26
dawsni01,1,C-26
deangan01,9,C-27
debrial01,35,C-27
debruja01,25,C-27
delbelu01,1,C-26
delgama01,1,D25
dellaty01,6,C-26
delmaet01,11,C-27
demeldy01,20,C-27
demidiv01,1,D24U22
demkoth01,50,C-27
deshavi01,1,C-26
deslani01,3,C-26
desmica01,25,C-27
desnoca01,1,D25U22
devinja01,1,D24U22
dewarco01,1,C-26
dickija01,2,C-26
dickisa01,1,D24U22
dillobr01,15,C-26
dipiemi01,1,C-26
doanjo01,18,C-27
dobesja01,29,C-27
dobsono01,38,C-28
domima01,27,C-27
donatry01,17,C-27
dorofpa01,30,C-27
dostalu01,31,C-26
doughdr01,20,C-27
douglcu01,1,C-26
dowdni01,8,C-26
dragilu01,2,U22
draisle01,78,C-26
drouijo01,25,C-27
druryja01,6,C-26
drysdja01,14,C-26
duboipi01,15,C-26
duchema01,20,C-27
duclaan01,15,C-26
dudaar01,4,U22
duhaibr01,10,C-26
dumbama01,8,C-26
dumoubr01,5,C-26
dunnvi02,25,C-26
durzise01,21,C-26
dvorach01,3,C-26
dvorsda01,2,U22
eberljo01,15,C-26
edmunjo01,9,C-27
edstrad01,1,D24
edstrda01,2,U22
edvinsi01,19,C-28
ehlerni01,25,C-26
eicheja01,41,C-26
eiserco01,1,D24U22
ekblaaa01,27,C-27
ekholma01,35,C-28
eklunvi01,1,D25U22
eklunwi01,24,C-29
ekmanol01,16,C-27
eliasga01,1,D24U22
elickch01,1,D24U22
ellerla01,3,C-26
ellisco01,1,C-26
emberty01,1,D24
emeryer01,1,D24U22
engluan01,1,C-26
engstad01,2,U22
engvapi01,1,C-26
epperkr01,1,D25U22
eriksfi01,1,D24U22
eriksjo02,26,C-27
eriksli01,1,D24U22
ernead01,2,C-26
erssosa01,29,C-28
evanglu01,14,C-26
evansja02,11,C-27
evansry01,31,C-27
eyssimi01,1,C-26
fabbrda01,21,C-28
fabbrro01,2,C-26
faberbr01,29,C-29
faksara01,7,C-26
fantiad01,2,U22
farabjo01,20,C-28
faulkju01,15,C-27
fedotiv01,1,C-26
feherma01,25,C-27
fernsme01,1,D25U22
ferrama01,15,C-26
fialake01,30,C-26
fiddlbl01,1,D25U22
finkai01,1,D25U22
finleja01,1,C-26
firkuja01,4,U22
fiskeos01,2,U22
fleurca01,2,C-26
fleurha01,1,C-26
foegewa01,20,C-26
foersty01,19,C-27
foligma01,7,C-26
foligni01,9,C-26
forbode01,10,C-26
forsban01,10,C-26
forsbfi01,31,C-26
forslgu02,25,C-27
fortedr01,1,D24U22
fowleca01,20,C-28
fowleja01,2,U22
foxad01,40,C-28
franket01,1,D25
fredetr01,12,C-27
freijal01,1,D24U22
frolose01,1,D25U22
frondan01,1,D25U22
frostmo01,20,C-26
gadjojo01,3,C-26
gajanad01,2,U22
gallabr01,21,C-26
garlaco01,15,C-26
gastrmi01,1,D25U22
gatcoma01,1,D25
gaudead01,3,C-26
gaudrfr01,5,C-26
gauthcu01,4,U22
gauthet01,2,U22
gavrivl01,17,C-27
geekico01,4,U22
geekimo01,22,C-27
genboed01,1,D25U22
georgca01,1,D24U22
georgis01,1,D25U22
gibsojo02,25,C-26
gilbede01,1,C-26
gillsp01,1,D24U22
girarsa01,16,C-28
giroucl01,25,C-26
glassco01,15,C-26
glendlu01,1,C-26
goligal01,5,C-26
goncaga01,18,C-29
goodrba01,2,C-26
gostish01,25,C-26
gourdya01,8,C-27
grafco01,1,D24
granlmi01,15,C-27
granshe01,1,C-26
greavje01,11,C-27
grebeni01,2,C-26
greenjo02,2,C-26
greenli01,1,D24U22
greenry01,2,U22
greeraj01,7,C-26
gregono01,1,C-26
greigri01,19,C-27
gridima01,1,D24U22
gritsar01,11,C-26
grubaph01,12,C-27
grundca01,1,C-26
grzelma01,20,C-26
gudasra01,15,C-26
gudbrer01,12,C-27
guentdy01,19,C-28
guentja01,50,C-26
guhleka01,30,C-26
gulyami01,2,U22
gustafi01,37,C-26
hagelbr01,25,C-28
hagemi01,1,D24U22
hagenja01,1,D25U22
hagueni01,14,C-27
hallafi01,1,C-26
hallist01,1,D24
hallqth01,1,D25U22
hallta02,12,C-26
halttka01,2,U22
hamblja01,1,D24
hameele01,2,U22
hamildo01,10,C-27
hamontr01,1,C-26
hanifno01,28,C-27
hanlejo01,1,D25
harkija01,1,C-26
harleth01,19,C-26
harrijo01,5,C-26
hartca01,25,C-28
hartmry01,16,C-26
hathaga01,17,C-26
haulaer01,10,C-27
hayeske01,2,C-26
haytoba01,16,C-26
hedmavi01,38,C-28
heidtri01,2,U22
heineda01,1,C-26
heineem01,14,C-26
heiskmi01,41,C-28
helenko01,1,D24U22
helensa02,1,D25
helleco01,75,C-27
helledr01,12,C-27
hemmiem01,1,D24U22
henriad01,17,C-26
hensllo01,1,D25U22
hertlto01,28,C-27
hildede01,16,C-27
hillad01,45,C-27
hinosvi01,1,C-26
hintzro01,40,C-27
hischni01,33,C-26
hoferjo01,35,C-28
hoglani01,10,C-27
hollju01,1,C-26
hollody01,14,C-26
holmbpo01,3,C-26
holmssi01,10,C-27
holtzal01,14,C-26
honzesa01,2,U22
horcowi01,1,D25U22
horvabo01,26,C-27
howaris01,4,U22
howdebr01,15,C-27
howeta01,1,D24U22
hrabami01,2,U22
hronefi01,26,C-27
hryckju01,1,D25
huberjo01,37,C-26
hugheja03,49,C-32
hughelu01,19,C-28
hughequ01,38,C-28
huntda01,1,C-26
hussovi01,1,C-26
hutsoco01,1,D24U22
hutsola01,4,U22
hutsoqu01,1,D25
huttobe01,1,C-26
hymanza01,35,C-27
hyryar01,1,D25
iafalal01,20,C-28
iginlti01,1,D24U22
ihswoja01,1,D25U22
ioriovi01,1,C-26
ivaniv01,1,D25
ivankja01,1,D25U22
jankoma01,3,C-26
janmama02,13,C-26
jansslu01,2,U22
jarnkca01,11,C-26
jarrytr01,17,C-26
jarvise01,24,C-28
jeannta01,16,C-26
jellvos01,1,D24
jennebo01,10,C-26
jenseni02,6,C-26
jiricad01,1,D24U22
jiricda01,4,U22
johanal01,10,C-27
johanjo03,13,C-27
johanma03,10,C-26
johnske01,13,C-26
johnsro02,2,C-26
johnsry03,9,C-26
johnswy01,24,C-29
jokihhe01,9,C-27
jonesca01,7,C-27
jonesma03,1,C-26
jonesse01,20,C-27
jonsssa01,1,D25U22
josepma01,7,C-26
joseppi01,1,C-26
joshuda01,11,C-26
josiro01,45,C-27
jostty01,1,C-26
juulsno01,1,C-26
kadrina01,30,C-26
kahkoka01,15,C-27
kaisewy01,11,C-27
kakkoka01,14,C-27
kaliyar01,1,C-26
kampfda01,2,C-26
kaneev01,15,C-26
kanepa01,14,C-26
kantsro01,1,D24U22
kapanka01,15,C-27
kapanol01,6,C-27
kapriki01,47,C-28
karlser01,28,C-27
karlsli01,6,C-26
karlswi01,11,C-26
kartyty01,6,C-26
kaspema01,4,U22
kastema01,6,C-26
kellecl01,35,C-28
kellypa01,8,C-26
kempead01,46,C-26
kerfoal01,1,C-26
kessema01,1,D24
kessemi01,1,D24
kevanbe01,1,D25U22
khusnma01,15,C-27
kiiskje01,2,U22
killoal01,6,C-26
kindebe01,1,D25U22
kirscch01,1,D25U22
kivirjo01,7,C-26
klapkad01,1,D24
klebead01,1,D24U22
klevety01,13,C-27
klingjo01,5,C-26
kniesma01,19,C-28
knighsp01,35,C-27
koblati01,1,D25U22
kochepy01,33,C-26
koepkco01,1,D25
koivuaa01,1,C-26
koivuvi01,14,C-28
kokkoni01,1,D25U22
koleske01,15,C-27
kolosal01,1,C-26
kolyavl01,1,C-26
konectr01,25,C-27
konyubo01,6,C-26
kopitan01,26,C-26
korchke01,4,U22
korczka01,4,C-26
korpijo01,17,C-27
kotkaje01,10,C-26
kovacjo01,10,C-27
kovalni01,7,C-27
kravtvi01,3,C-26
krebspe01,17,C-26
kreidch01,25,C-26
kucheni01,45,C-27
kudryki01,1,D25U22
kuempda01,26,C-26
kulakbr01,15,C-27
kulicji01,4,U22
kulikdm01,16,C-26
kuninlu01,10,C-26
kuralse01,6,C-26
kurasph01,1,C-26
kuzmean01,16,C-27
kuzneya01,1,C-26
kyrouch01,4,U22
kyroujo01,20,C-26
lachash01,1,D25
lacomja01,13,C-26
laferal01,1,D24
laffesa01,1,C-26
lafreal01,24,C-28
lafreto01,1,D25U22
lainepa01,35,C-27
lakovly01,1,D25U22
lambebr01,4,U22
lamboca01,1,C-26
lammiju01,1,D25
lamouma01,1,C-26
landega01,28,C-27
lankike01,16,C-26
lapiehe01,14,C-26
lardini01,2,U22
larkidy01,28,C-26
larssad01,15,C-26
laughsc01,5,C-26
lauzoje01,15,C-28
lazarcu01,10,C-26
leddyni01,15,C-27
leean01,15,C-27
leery01,1,D25U22
lehkoar01,25,C-27
leinoto02,1,C-26
lekkejo01,4,U22
leonary01,2,U22
letankr01,33,C-26
letoude01,1,D24U22
levide01,16,C-27
levshar01,1,D24U22
lewanda01,1,D25U22
lheurza01,19,C-28
liljeti01,5,C-26
lindbca01,1,D24
lindees01,20,C-26
lindgch01,31,C-26
lindgry01,17,C-27
lindhel01,30,C-27
lindhha01,20,C-27
lindsca01,1,D24U22
lindsth01,2,U22
lizotbl01,8,C-26
lohrema01,23,C-27
lombery01,4,C-26
lorenst01,9,C-27
lowryad01,15,C-26
luchaje01,1,D24U22
lundca01,4,U22
lundean01,24,C-28
lundeis01,6,C-27
lundkni01,3,C-26
luneatr01,4,U22
luostee01,17,C-27
luukkuk01,60,C-28
lyonal01,13,C-28
lyselfa01,6,C-27
lyubuil01,13,C-26
maattol01,5,C-26
macewza01,1,C-26
mackina01,60,C-26
macleky01,1,D24
mahurjo01,2,C-26
mailllo01,19,C-28
makarca01,33,C-26
malatja01,1,D24
malenbe01,12,C-27
malinsa01,1,D24
malkiev01,21,C-26
mancivi01,1,D25
mangian01,25,C-27
mansojo01,15,C-27
manthan01,8,C-26
marchbr03,20,C-26
marchki01,45,C-28
marchma01,20,C-26
marinjo01,20,C-27
marjavi01,1,D25
marksja02,30,C-26
marnemi01,63,C-29
marqumi01,1,D24U22
marrelu01,1,D25U22
martibr02,1,D25U22
martiem01,1,D24
martijo01,15,C-27
martopo01,1,D25U22
massema01,1,D24U22
mateyde01,4,U22
mathemi01,28,C-27
matinni01,6,C-26
matthau01,67,C-28
mayfisc01,30,C-26
mazurca01,1,C-26
mcavoch01,30,C-27
mcbaija03,18,C-26
mccabja01,29,C-26
mccanja01,25,C-28
mccarmi01,15,C-26
mcdavco01,58,C-29
mcdonry01,19,C-26
mcgroru01,4,U22
mcilrdy01,1,C-26
mckowhu01,1,C-26
mcleory01,16,C-27
mcmanbo02,11,C-27
mcmicco01,19,C-26
mcnabbr01,19,C-27
mcquero01,1,D25U22
mctavma01,24,C-29
medveal01,1,D25U22
meierti01,30,C-26
merceda01,14,C-26
merille01,5,C-26
merkuge01,6,C-27
merzlel01,22,C-26
mesarfi01,4,U22
mewshe01,1,D24U22
michkma01,2,U22
middlja01,20,C-27
miettju01,1,D24U22
mikheil01,9,C-27
mikkoni01,15,C-26
milanso01,6,C-26
milleco02,9,C-26
millejt01,30,C-27
milleka01,22,C-27
mintefr01,4,U22
mintypa01,4,U22
miromda01,11,C-26
mirosiv01,4,U22
misami01,1,D25U22
mitteca01,30,C-26
molenta01,2,U22
monahse01,20,C-28
montesa01,23,C-26
montgbl01,1,D25U22
montobr01,40,C-27
moonejo01,1,D25U22
mooreia01,1,C-26
mooreol01,2,U22
mooretr01,25,C-28
moorewi01,1,D25U22
morinet01,2,U22
morrijo04,35,C-28
morrosc02,24,C-29
moserja01,16,C-27
mrazepe01,20,C-26
mrtkara01,1,D25U22
mugglle01,1,D24U22
mukhash01,14,C-26
murasse01,1,D24U22
murphco02,25,C-28
murrama02,1,C-26
murtaja01,1,D25U22
mustajo01,1,D24U22
mustyqu01,2,U22
myersph01,2,C-26
myersty01,26,C-26
myniosa01,1,D24U22
nabokil01,1,D24
nadeabr01,2,U22
namesvl01,10,C-26
nazarfr01,4,U22
necasma01,28,C-28
nedelal01,25,C-26
neighja01,14,C-26
nelsobr01,30,C-26
nemecsi01,4,U22
nesbija01,1,D25U22
nesteni02,1,D25
nestrva01,1,D25U22
newhoal01,19,C-26
nichuva01,16,C-26
niedeni01,20,C-27
nikisal01,19,C-27
nilsoer01,1,D25U22
noesest01,5,C-26
norrijo01,15,C-27
nosekto01,1,C-26
novakth01,6,C-26
nugenry01,50,C-28
nurseda01,25,C-27
nylanal01,1,C-26
nylanwi01,61,C-27
nymanja01,2,U22
nyquigu01,1,C-26
obrieja02,1,D25U22
obrieli01,1,C-26
oconndr01,16,C-27
oconnlo01,5,C-26
oettija01,43,C-26
ohgreli01,4,U22
oleksja01,17,C-26
olivima01,23,C-26
olofsvi01,20,C-26
oreilry01,15,C-27
oreilsa01,1,D24U22
orlovdm01,24,C-26
ostapza01,7,C-27
ostluno01,4,U22
othmabr01,14,C-27
ovechal01,21,C-26
P-haymelu01,1,D25
P-leppaat01,1,D25
P-mcallry01,1,C-26
samanjo01,1,D25
pachabr01,1,D24
pageaje01,11,C-27
palaton01,7,C-27
panarar01,40,C-27
paraste01,1,D24U22
parayco01,22,C-28
parekza01,1,D24U22
pastrda01,40,C-27
paulni01,15,C-26
paupaha01,1,D25U22
pearsta01,5,C-26
peekean01,10,C-26
pelecad01,8,C-26
perbini01,14,C-28
perfeco01,17,C-26
perrega01,2,U22
perroda01,10,C-26
perroja01,2,U22
perryco01,2,C-26
pescebr01,20,C-26
peterjo01,19,C-27
petroal01,4,C-26
petryje01,12,C-26
petteel01,38,C-27
petteel02,4,U22
pettelu01,1,D24U22
pettema01,18,C-27
philpno01,1,D24
pickaca01,25,C-26
pickeow01,4,U22
pickfbr01,1,D25U22
pintosh01,25,C-27
pionkne01,37,C-27
pitlity01,1,C-26
plantma02,1,D24U22
podkova01,11,C-27
poehlry01,5,C-26
pointbr01,35,C-28
poitrma01,2,U22
portier01,9,C-26
pospima01,1,D24
pottecu01,1,D25U22
poulisa01,1,C-26
powerow01,19,C-28
priceca02,2,U22
primeca01,26,C-27
prishni01,1,D25U22
prokhda01,1,D25U22
protaal01,26,C-26
protail01,1,D25U22
provoiv01,21,C-28
psenima01,1,D25U22
pulkkje01,1,D24U22
pulocry01,20,C-26
quickjo01,20,C-26
quinnja01,19,C-27
raddyda01,11,C-27
raddyta01,2,C-26
rakelri01,10,C-26
rantami01,50,C-28
rasmumi01,6,C-27
ratyaa01,9,C-26
ravenjo01,1,D25U22
raymolu01,24,C-28
reavery01,2,C-26
regenpa01,1,C-26
regulal01,1,C-26
rehkoca01,2,U22
reichlu01,5,C-26
reidca01,1,D25U22
reillmi01,1,C-26
reinbda01,2,U22
reinhsa01,45,C-27
rempema01,1,D24
reschco01,1,D25U22
riellmo01,39,C-26
rinzesa01,4,U22
ristora01,14,C-27
ritchca01,2,U22
ritchry01,1,D24U22
rittida01,3,C-26
roberja01,39,C-28
roberma02,1,C-26
roberni01,9,C-26
robersi01,9,C-26
robiner01,6,C-26
rodriev01,15,C-27
romanal01,24,C-27
rombaja01,1,D25U22
rooneke01,1,C-26
rosenis01,2,C-26
rosloja01,18,C-26
rossima01,14,C-26
royjo01,7,C-26
royma04,18,C-27
ruohohe01,1,D24U22
rustbr01,18,C-27
ryabkiv01,1,D25U22
saadbr01,5,C-26
sahlile01,1,D24U22
saleed01,2,U22
salomel01,1,D24U22
sambedy01,19,C-28
samosma01,19,C-28
samsoil01,3,C-26
samuema02,6,C-27
sandeja01,14,C-26
sandiax01,2,U22
sandira01,16,C-26
sanhetr01,15,C-26
sarosju01,60,C-26
savoima01,4,U22
sawchgr01,2,U22
schaema01,1,D25U22
schaere01,3,C-26
scheima01,31,C-26
schenbr01,20,C-27
schenlu01,18,C-26
schmani01,15,C-26
schmiak01,19,C-27
schmica01,1,D25U22
schmina01,8,C-27
schnebr01,25,C-27
schwaja01,11,C-27
schwico01,1,C-26
sebrado01,1,C-26
seeleni01,7,C-27
seguity01,23,C-27
seidemo01,34,C-29
sennebe01,1,D24U22
sergami01,27,C-26
severda01,25,C-26
shabama01,1,D25
sharaye01,14,C-27
shearco01,1,C-26
sheary01,1,D25
shepahu01,1,C-26
sherwki01,11,C-27
shestig01,60,C-27
shurama01,1,D24U22
sidorye01,1,D25U22
siegejo01,13,C-26
silayan01,1,D24U22
sillico01,14,C-27
silovar01,19,C-27
simasdm01,2,U22
sissoco01,11,C-26
skinnje01,1,C-26
skinnst01,52,C-27
skjeibr01,16,C-27
slafkju01,4,U22
slaggla01,1,D25
slavija01,50,C-30
slukyha01,1,D25U22
smithbr05,1,C-26
smithco02,1,D24
smithja04,1,D25U22
smithre01,4,C-26
smithta01,1,D24U22
smithwi01,2,U22
snuggji01,4,U22
soderar01,15,C-27
soderel01,3,C-26
sodervi01,1,C-26
sogaama01,1,C-26
solbest01,1,D24U22
sorokil01,45,C-27
soucyca01,12,C-26
sourdju01,1,C-26
spellaj01,1,D25U22
spencjo01,18,C-27
spencma02,1,D25U22
spurgja01,17,C-27
staaljo01,11,C-26
stamkst01,30,C-26
stanklo01,24,C-30
stanllo01,10,C-27
stastsp01,1,C-26
stechtr01,2,C-26
steelsa01,7,C-26
steeval02,1,C-26
stenbot01,2,U22
stenlke01,5,C-26
stephch02,26,C-27
stevecl01,1,D24
stigate01,1,D24U22
stillch01,1,C-26
stolaan01,35,C-27
stonema01,25,C-27
stramch01,2,U22
stromdy01,25,C-27
stromry01,15,C-27
strubja01,2,C-26
stuetti02,34,C-30
sturmni01,1,C-26
sundqos01,5,C-26
sunieay01,1,D25U22
surineg01,1,D24U22
suterpi01,15,C-27
suterry01,1,C-26
suzdaal01,2,U22
suzukni01,38,C-28
svechan01,38,C-28
svechfe01,9,C-27
swaymje01,31,C-28
talboca01,17,C-27
tanevbr01,8,C-26
tanevch01,35,C-26
tarasda02,17,C-27
tarasvl01,13,C-26
tavarjo01,35,C-26
teravte01,21,C-26
terrytr01,25,C-26
texieal01,1,C-26
theodsh01,30,C-27
thomaro01,25,C-26
thompai01,1,D25
thompja01,1,C-26
thomplo01,16,C-26
thompta01,55,C-26
thrunhe01,2,C-26
timmico01,14,C-26
tippeow01,26,C-29
tkachbr01,33,C-27
tkachma01,45,C-30
toewsde01,20,C-27
toewsjo01,15,C-26
toffoty01,18,C-27
tolvaee01,15,C-28
tomasph01,10,C-26
toropal01,11,C-27
traffhe01,1,D24U22
treniya01,9,C-26
trikogl01,4,U22
trochvi01,30,C-27
troubja01,30,C-26
tsyplma01,1,D24
tuchal01,35,C-26
tuckety01,11,C-27
tuomasa01,1,C-26
turcoal02,7,C-26
ungerfe01,1,D24U22
vaakaur01,1,C-26
valimju01,6,C-27
vanacma01,1,D24U22
vanecvi01,10,C-26
vanrija01,1,C-26
vanritr01,17,C-26
vansash01,1,D25U22
varlasi01,2,C-26
vasilan02,62,C-28
vatrafr01,16,C-26
vejmeka01,16,C-27
velenjo01,3,C-26
verhaca01,28,C-27
vilarga01,20,C-27
villama01,1,D24
villena01,1,D25U22
vladada01,20,C-27
vlasial01,24,C-27
vorondi01,21,C-26
wahlban01,2,U22
walkena01,1,D25
walkese01,17,C-27
wallsje01,14,C-27
walmaja01,26,C-26
wangsi01,1,D25U22
webbeca01,1,D24
wedgesc01,26,C-26
weegama01,45,C-26
wennbal01,12,C-27
werenza01,36,C-26
westma01,1,D25U22
wetscca01,1,D25U22
whiteza01,24,C-26
wiesboz01,1,C-26
willato01,2,U22
wilsbad01,1,D25
wilsoto01,40,C-28
wintery01,1,C-26
wolfdu01,28,C-26
wolljo01,33,C-26
woodma01,2,U22
woodmi01,4,C-26
wothepa01,5,C-26
wrighsh01,4,U22
xhekaar01,21,C-28
xhekafl01,2,U22
yagerbr01,2,U22
yakemca01,1,D24U22
yamamka01,1,C-26
yegormi01,1,D24U22
yorkca01,24,C-28
yurovda01,4,U22
zachapa01,30,C-26
zadorni01,15,C-27
zamulye01,15,C-27
zaryco01,17,C-28
zavraeg01,1,D25U22
zegratr01,29,C-28
zellewi01,1,D25U22
zellwol01,14,C-27
zettefa01,14,C-26
zharoal01,1,D25U22
zibanmi01,25,C-28
ziemmko01,2,U22
zonnobi01,1,D25U22
zubar01,24,C-27
zuccama01,6,C-26
zuckeja01,18,C-27
fleurma01,4,C-26
girgeze01,15,C-26
royni01,10,C-26
leonajo01,1,C-26
bluegte01,1,C-26
pelleja01,1,C-26
stivajo01,1,C-26
maccema01,3,C-26
ingraco01,22,C-26
groshma01,1,C-26
meyerbe01,1,C-26
reimeja01,1,C-26
vilmasa01,1,C-26
jonesbe01,1,C-26
brownco02,5,C-26
ullmali01,23,C-26
martisp01,1,C-26
gravery01,1,C-26
kemeljo01,1,C-26
bayrega01,1,C-26